1,Sher Hennington,06.05.2002,2
2,Mal Iapico,26.07.1989,0
3,Francklyn Cudbertson,03.11.2004,2
4,Mame McGillacoell,13.08.1994,2
5,Yelena Liddyard,25.05.1991,1
6,Patty Varker,13.11.1990,1
7,Carlota Brideaux,07.02.1981,2
8,Archibaldo Rackstraw,30.10.1984,2
9,Martie Swaffer,21.11.2001,2
10,Jan Murrhardt,02.02.1988,0
11,Georgiana Putnam,20.12.1981,2
12,Annaliese Barrable,11.03.1999,1
13,Zared Yarnley,26.08.1991,0
14,Carlen Butterfield,09.02.1993,0
15,Dorolice Kimbrough,22.11.1998,0
16,Brit Whaymand,08.12.1988,2
17,Dale Serridge,25.02.2005,2
18,Randie Gauford,31.05.2005,1
19,Dawn Rekes,02.11.1992,0
20,Olenka Davidescu,22.09.2000,2
21,Knox Wadsworth,04.01.2003,2
22,Zondra Walkowski,21.08.1986,1
23,Zita Bowler,03.07.1997,0
24,Caz Mangion,09.11.1992,2
25,Damian Rubenczyk,06.08.1984,0
26,Mathe Longstreeth,25.09.1995,0
27,Adrian Gillbee,23.07.1989,2
28,Der McKibbin,10.11.1993,1
29,Nari Mulcaster,24.05.1998,0
30,Dyanne Button,27.09.1989,0
31,Giorgia Freschi,22.06.1998,0
32,Finn Daber,24.01.1999,2
33,Eamon Cobbledick,13.01.1982,0
34,Chaddy Brunsden,27.03.2002,0
35,Ree Cloney,06.02.1995,0
36,Valdemar Dryden,01.10.1991,0
37,Carlota Robertelli,05.08.1991,2
38,Myrna Duddan,03.12.1986,2
39,Sylas Matusovsky,12.06.1988,1
40,Sarette Lightbody,21.09.2005,0
41,Winifred Wixey,07.04.1992,0
42,Pierson Mosedale,14.07.2001,0
43,Dane Guare,27.12.2000,2
44,Viviyan Phythian,03.04.2000,2
45,Addy Milesop,06.08.1995,1
46,Adams Stopforth,09.01.1982,0
47,Coretta Jozwicki,30.11.1982,0
48,Arlene Cleife,28.01.1986,1
49,Inness Thorneywork,15.06.1986,0
50,Gerik Delf,07.03.2002,2
51,Cece Downham,12.09.1997,0
52,Lou Clempton,10.12.1998,1
53,Garfield Godspeede,16.04.1994,0
54,Salim Jarnell,25.06.2004,2
55,Courtney Print,30.09.1983,2
56,Guillermo Nickless,06.05.1988,1
57,Krissy Antalffy,09.06.1984,1
58,Donni Kenvin,15.06.1985,0
59,Nedi Hillock,14.12.1999,1
60,Eliza Kneel,25.07.1999,1
61,Baird Lindstedt,07.04.1985,1
62,Clive Polle,27.12.2000,1
63,Amanda Nelsey,03.06.1986,1
64,Gabie Brockett,19.03.1986,0
65,Tait Philipsen,05.03.1995,2
66,Corene Pandie,18.10.2002,2
67,Rockey Dumbleton,19.07.1998,2
68,Celeste Espasa,04.04.1987,1
69,Ada Whitebrook,08.04.2004,0
70,Hedy Mudge,16.03.1997,2
71,Annmarie Douche,22.01.1988,1
72,Tarra Portsmouth,22.12.1991,1
73,Rogerio Caldes,09.08.2001,0
74,Naomi Abadam,26.06.1991,0
75,Guthrey Lawlings,29.04.1982,1
76,Joye Farlam,23.06.1997,0
77,Lanni Cornwall,17.07.1990,2
78,Franklin Maha,01.02.1997,2
79,Sutherland O' Byrne,18.10.1995,0
80,Kaylyn Fulle,26.07.1991,2
81,Montague McCoole,30.08.1982,1
82,Dierdre Browell,02.03.1991,2
83,Vasilis Pooke,21.02.1999,2
84,Kissee Wanden,09.09.1995,2
85,Warren Dunguy,03.04.1998,0
86,Powell Stannering,31.08.1999,1
87,Raddy Reinisch,26.06.2001,1
88,Gretchen Brandel,24.11.2003,2
89,Haley Krook,10.09.1999,1
90,Hazel Bolton,22.09.1985,0
91,Lonny Smooth,28.06.2003,1
92,Dorine Goodbanne,07.07.1995,0
93,Essa Lofthouse,29.03.1984,0
94,Melania Wycliff,21.01.1982,1
95,Dyanna Birkinshaw,25.05.1991,0
96,Gusti Seide,10.05.2001,2
97,Jaquenetta Lowbridge,26.05.1999,1
98,Derk Comins,21.12.1990,1
99,Devy Newland,08.02.1997,2
100,Laurence Pietersen,08.08.1995,2
101,Kippy Trudgeon,20.01.1999,2
102,Rose Forcer,19.12.1993,0
103,Sauncho Jurczik,31.12.1991,1
104,Daisey Muehle,06.04.1983,2
105,Hunter Kos,20.03.1982,0
106,Romy Kleyn,20.03.1992,0
107,Humphrey Pasterfield,30.06.2003,1
108,Skipp Smithe,01.12.1998,1
109,Shirleen Marklew,08.09.1981,0
110,Lyon Bonin,20.06.1982,1
111,Thomas Fassbindler,16.01.2004,0
112,Garrott Barnewille,23.02.1982,0
113,Amalita Springate,03.05.1999,1
114,Cris Rosso,12.10.1993,0
115,Niven Devonshire,12.03.2003,0
116,Chip Oldknowe,12.06.1997,0
117,Timoteo Chaudron,28.06.1991,1
118,Desirae Spandley,22.06.2000,1
119,Mauricio De Vuyst,27.01.2005,0
120,Gregg Temporal,07.02.1989,1
121,Vikki Lubbock,29.12.1987,2
122,Benetta Guerro,03.06.1981,2
123,Sterling Linggood,26.02.1996,2
124,Karissa Sweynson,03.01.1987,2
125,Dreddy Powell,24.06.1988,2
126,Ola Jorcke,09.02.2004,2
127,Paige Quaintance,21.04.1997,0
128,Zacharias Littlewood,03.08.1982,0
129,Barbra Franies,06.09.1984,0
130,Rex Kirtland,14.03.1984,2
131,Ave Blaisdale,18.08.2003,1
132,Shana Rizzolo,23.12.1989,1
133,Adoree Mussington,08.01.2001,2
134,Mora Pietzke,28.11.1984,2
135,Lucie Moulsdall,02.05.1991,2
136,Alessandro Daughtery,01.10.1987,1
137,Hermina Grinikhin,16.09.1999,0
138,Pier Di Antonio,15.11.1988,2
139,Aundrea Russell,04.12.1991,2
140,Marco Ternott,27.08.2004,2
141,Saudra Placstone,10.12.1980,2
142,Lou Rowatt,07.01.1985,0
143,Drusi Saye,01.10.1987,2
144,Hillel Lamort,14.06.1986,0
145,Margaret De la Yglesias,10.02.1985,2
146,Fallon Cursons,12.03.2005,0
147,Trish Kennady,09.01.2005,1
148,Vern Gretham,20.11.2005,2
149,Bernadine Bradnum,27.01.2000,2
150,Norrie Sellek,03.12.1999,1
151,Gianni Tabert,16.09.2001,0
152,Margy Demougeot,07.12.1987,0
153,Madelle Gair,07.06.1984,2
154,Donn Simak,19.11.1999,1
155,Krystal Paunsford,10.02.2001,2
156,Niall Colqueran,21.05.1989,2
157,Hurley Brou,01.07.1992,0
158,Mechelle Cinelli,08.11.2000,1
159,Rafaelia Sprankling,06.11.1995,2
160,Cynthia Spalding,27.12.2001,0
161,Syman Kerman,05.01.1999,1
162,Jennee Wimpeney,02.08.1982,0
163,Korrie Santoro,11.05.1983,0
164,Karalee Paulus,25.08.1982,2
165,Gwen Hogbin,09.09.1996,1
166,Stoddard Dreschler,30.01.1995,1
167,Thornton Kener,23.10.1991,0
168,Odelle Klugel,08.06.1998,1
169,Quintus Georger,20.02.1997,1
170,Bryan Massimi,21.05.2002,1
171,Estele Paladino,29.01.2000,2
172,Pauli Balmann,23.04.1981,0
173,Gusti Macvey,06.09.1987,0
174,Aline Muldrew,02.07.2002,2
175,Hashim Seleway,05.12.2001,0
176,Ellyn Huddart,12.03.2003,1
177,Alonso Probin,16.11.1999,1
178,Ronny Rimes,19.03.2000,2
179,Massimo Waterdrinker,09.03.1982,1
180,Bobbye Penkman,27.12.1983,0
181,Rhodia Stoyell,02.06.1998,2
182,Debera Strangeway,04.02.1991,2
183,Giavani Glanville,06.12.1990,0
184,Angie Pickles,30.04.1982,2
185,Winifred Cartan,04.11.1997,2
186,Shirley Beazleigh,01.05.2002,1
187,Alfy Sailor,11.09.1981,1
188,Calvin Hartfleet,11.09.2001,2
189,Brigg Camplin,14.10.1994,0
190,Darlleen Elsip,20.07.1994,2
191,Ivan Mordacai,29.03.1990,1
192,Ilyssa Imlacke,08.02.1987,0
193,Harwell Rozsa,19.02.1982,0
194,Ashly Rutley,16.09.1999,1
195,Katy Dowber,22.10.1989,0
196,Eachelle Demcak,09.11.2003,2
197,Margeaux Allison,31.01.1986,1
198,Hugues Dunks,07.01.1986,2
199,Monah Filler,12.01.1992,0
200,Mortimer Petzolt,15.12.1991,1
201,Silvanus Braidford,08.09.1998,2
202,Andres Davion,31.05.1983,0
203,Cinda Petrus,07.05.1991,0
204,Trumann Learoyde,07.05.1998,2
205,Lizabeth Provost,15.11.1984,0
206,Belvia Littlejohn,04.12.1982,2
207,Edyth Andrzej,30.03.1992,0
208,Chelsie Valentinuzzi,28.09.2002,2
209,Tine Donnelly,11.08.1994,2
210,Cynthea Jephson,26.02.2002,0
211,Miof mela Margrett,13.11.1989,0
212,Emmerich Itzhayek,17.03.1998,2
213,Rena Pybworth,25.11.1993,0
214,Isacco Gimson,07.04.1989,1
215,Jose Wands,11.11.1988,0
216,Ebony Essery,24.02.1997,1
217,Gypsy Vasic,18.08.1986,2
218,Pearline Ellcome,11.08.1982,2
219,Maud Gilhoolie,02.01.1997,1
220,Clarey Devorill,30.06.2003,1
221,Barde McFayden,03.08.1999,1
222,Vinni Cotton,31.07.1984,0
223,Corny Silversmid,05.05.1983,2
224,Aldin Barus,24.05.2001,0
225,Flori Harbord,29.07.2005,1
226,Corette Fennick,30.08.1994,2
227,Selie MacAllister,17.08.1987,1
228,Kamila Reck,15.06.2001,0
229,Eldridge Fuster,24.12.1990,0
230,Stewart Beadon,23.10.1989,1
231,Willard Franken,15.10.1982,1
232,Sheeree Delacour,09.06.1981,1
233,Dorris Reedy,26.09.1998,0
234,Joellen Chiplen,27.08.1989,0
235,Staford Rachuig,23.01.1993,1
236,Amity De Lorenzo,28.08.1988,0
237,Madeleine Polley,21.04.1991,2
238,Fairleigh Clench,02.11.1984,1
239,Regine Ackenhead,30.05.2005,1
240,Lula Dittson,01.06.1985,1
241,Lanny Pinkney,06.02.1996,0
242,Jemimah Fey,27.08.1994,2
243,Hollie Downse,02.08.1997,1
244,Judy Arran,02.12.1983,1
245,Bordy McBrearty,01.11.2003,1
246,Lusa Briiginshaw,08.08.1986,0
247,June Goldsbrough,17.03.1981,1
248,Tamiko Tooker,10.07.2003,2
249,Eli Allett,01.01.1996,2
250,Jorrie Di Roberto,08.04.1987,0
251,Devin Stow,22.12.1995,0
252,Wake Tuxsell,24.01.1981,2
253,Kessia Brandassi,27.07.1984,2
254,Terry Iddy,07.06.1987,1
255,Maison Waterhous,28.01.2003,1
256,Dyan Mulvagh,24.03.2003,2
257,Regine Yakobowitz,04.06.1985,0
258,Matilde Rowsel,10.07.1981,0
259,Kania Grushin,18.07.2002,0
260,Sileas MacHoste,26.10.1981,1
261,Gusty Packer,04.01.1983,0
262,Nikita Bispham,13.01.1996,0
263,Amil Jevons,25.06.2003,2
264,Celestyna Moogan,16.05.1993,1
265,Yank Braun,06.09.2004,1
266,Karna Sevitt,09.12.1994,2
267,Hercule Ballantine,29.08.2005,1
268,Thorny Dinzey,16.06.1997,2
269,Kenyon Pearce,26.01.1985,0
270,Jermaine Fausset,22.12.1996,2
271,Ernesto Dadley,30.08.1983,0
272,Amelia Tailby,23.08.1999,1
273,Earle Andriveau,21.01.1997,2
274,Percival Thornham,10.12.2004,2
275,Fletcher Gabbot,09.12.1981,0
276,Any Cinelli,10.06.2001,2
277,Hardy Hurn,12.12.1989,2
278,Shina Lent,28.04.1995,0
279,Dall Burridge,04.10.1981,2
280,La verne Geipel,04.01.1983,0
281,Myriam Gregolin,27.10.1985,1
282,Ingra Skarr,06.11.2003,1
283,Dawn Measen,30.01.1982,2
284,Neilla Showt,26.01.1984,1
285,Korry McClunaghan,15.09.1993,2
286,Marcelia Dabernott,14.01.1987,1
287,Seamus Jahner,13.02.2000,1
288,Neall Bernadon,05.05.1991,2
289,Kai Brassington,18.11.1982,0
290,Ulric Bessom,06.11.1987,2
291,Lorelei Jahnisch,29.03.1988,0
292,Merill Farlambe,12.02.2003,1
293,Nanni Salle,18.12.1994,2
294,Nanci Attenbrow,19.04.1988,1
295,Alister Wickins,18.08.2005,2
296,Sib Maycock,01.06.1989,2
297,Hercule Kneath,01.10.1997,0
298,Berny Huie,13.10.1984,2
299,Booth Studde,18.12.1983,1
300,Guillermo Petrelli,21.07.1990,1
301,Fields Donaway,08.03.1984,0
302,Hersch Marquis,26.05.1997,2
303,Yalonda Norridge,31.03.2004,1
304,Tatiania Pickthorne,23.06.1988,2
305,Augusta Sambrook,11.08.2003,0
306,Leanna Francomb,20.12.1982,2
307,Mack Bunny,03.01.1994,1
308,Doti Mont,23.11.1988,2
309,Calida Mayo,30.12.1993,2
310,Tera Adey,06.12.1988,1
311,Barbabas Drinkhill,16.10.1989,0
312,Anitra Dowyer,30.09.1992,0
313,Mead Seebert,30.05.1990,2
314,Missie Poulett,31.08.2002,1
315,Amye Lisle,23.02.1991,2
316,Augy Redgrave,06.03.1995,2
317,Gretchen Malden,27.11.1981,0
318,Ellene Pether,21.02.1983,0
319,Nathalie Herety,01.03.1999,2
320,Clementina Haydon,22.12.2004,0
321,Gwenny Stebbings,10.10.1985,1
322,Barnabas McGrale,17.12.1997,0
323,Markos Danielsen,21.02.1983,0
324,Garvy Robart,21.03.2000,0
325,Iorgos Bonnefin,02.09.1989,0
326,Wyn Rimer,03.02.1984,1
327,Felic Rawdales,17.12.1982,1
328,Rozanne Gowanlock,12.04.2003,1
329,Bartel Biss,07.03.2005,1
330,Tristam Huleatt,23.02.1991,1
331,Frederic Dot,26.08.2003,1
332,Alma Gentsch,24.08.1989,1
333,Burtie Schuricht,12.01.1985,0
334,Morena Danielis,28.07.1988,0
335,Suzie Canceller,30.09.1998,0
336,Othella Biffen,27.04.1992,0
337,Beatrice Conring,07.04.1999,1
338,Brewer Penk,02.05.1981,1
339,Karlee Tinghill,03.12.1986,0
340,Barbra Croutear,17.09.1995,2
341,Rici McGloin,11.11.1999,1
342,Cherie Brindle,04.11.1997,0
343,Ignaz Bynert,02.11.1997,1
344,Pedro Gilluley,09.12.1998,0
345,Walt Tupling,17.09.1982,2
346,Melantha Clemenson,14.05.1985,0
347,Nari Wenban,18.08.1984,0
348,Chantal Dobbison,16.06.1999,0
349,Lewie Dykes,09.08.1993,0
350,Horatia Ogbourne,12.09.1992,0
351,Matti Kilvington,17.11.1993,1
352,Emery Laurence,21.11.1990,0
353,Sidonnie Walliker,24.09.1989,0
354,Amandy Fellnee,10.05.1992,0
355,Dana Kindley,12.07.2000,1
356,Cobb Ruckman,12.03.2003,1
357,Desiree Tewkesbury.,04.02.1996,2
358,Betsy Beatens,14.06.1998,2
359,Carlynn Oxherd,07.03.1981,2
360,Robin Stones,11.01.2001,1
361,Felizio Pearce,20.05.1984,1
362,Esther Satterfitt,30.05.1993,2
363,Jamison Meeson,20.06.1995,0
364,Colleen Kohlerman,13.12.1985,2
365,Coleman Castanaga,03.12.2003,2
366,Giraud Geerling,05.04.1994,2
367,Pamela Sidgwick,18.09.1998,0
368,Ferne Fass,08.06.1981,2
369,Brockie Sibbson,31.07.1990,1
370,Jefferey Osant,02.10.1996,0
371,Johnny Kippin,23.01.1997,2
372,Teodor Pichmann,23.06.1981,1
373,Tillie Barwick,28.09.2002,2
374,Abbot Bennedick,15.05.1987,1
375,Farly Steynor,23.08.1986,2
376,Tedi Hunnisett,01.07.1993,1
377,Sibilla Smewin,22.01.1991,1
378,Galina Counsell,31.03.1984,2
379,Amalita Jackes,12.09.2004,1
380,Seth Glover,28.02.1984,0
381,Heather Lindback,07.06.1998,0
382,Joelle Spencelayh,19.04.1992,1
383,Dorelia Casarini,09.10.2000,2
384,Lorna Nattriss,21.08.2004,1
385,Juana Gregore,29.03.1984,2
386,Yelena Gandy,12.10.1992,2
387,Cindelyn Hayle,09.05.1990,1
388,Stephani Doughartie,24.09.2001,0
389,Otha Thowes,01.10.1987,0
390,Hallie Jeanel,25.09.1998,1
391,Brianna Webermann,09.12.2004,0
392,Missie Merwede,01.08.1997,2
393,Anabal Bessom,25.02.1988,1
394,Rahal Fishenden,13.12.1992,2
395,Biddy Bute,27.04.1999,2
396,Amberly Baversor,11.06.1981,0
397,Pamella Furmenger,28.07.2005,2
398,Krystal Stredwick,08.11.1981,2
399,Merl Windous,13.12.1989,2
400,Cassy Calabry,24.05.1996,1
401,Amerigo Ewen,06.09.2000,1
402,Camille Hiorn,16.03.1986,2
403,Christean Royal,15.10.1998,1
404,Quinn Mercey,01.07.1985,1
405,Ancell Bothie,05.05.1984,2
406,Pernell Eskrick,09.05.1984,0
407,Lauree MacRirie,22.06.1989,0
408,Clerissa Rozalski,18.10.1999,1
409,Cornelius Rosenauer,09.03.2005,0
410,Traci Durram,04.03.1999,0
411,Torrey Shalders,27.02.1997,0
412,Douglas Castane,26.11.1996,2
413,Parnell Houlahan,14.04.1997,2
414,Odette Gristwood,26.02.1984,0
415,Yurik Traut,12.06.1985,1
416,Chrystal Aylward,06.08.1986,0
417,Tomi O'Toole,28.09.1993,1
418,Portie Ledson,19.04.1983,1
419,Flss Bleaden,25.09.1997,2
420,Cordy Spreadbury,30.12.1995,1
421,Effie Baack,24.04.2005,2
422,Lemuel Colquete,07.11.1982,1
423,Bernette Mailey,18.05.1983,0
424,Sherrie Staterfield,16.05.1989,2
425,Gigi D'Ambrogio,05.01.1998,1
426,Aleksandr Gyorgy,05.06.1982,0
427,Natka Mufford,13.06.2000,0
428,Jarred Rosengren,02.01.1998,0
429,Lorette Wallicker,14.10.1990,2
430,Kali Lashbrook,08.03.1985,0
431,Lynn Aiken,13.03.1985,2
432,Blinny Sammonds,23.09.1995,2
433,Drusilla Bertomeu,15.09.1982,2
434,Archibold MacGibbon,21.09.1988,1
435,Tate Puvia,27.04.1996,1
436,Ida Costi,30.11.1982,1
437,Julianna Waggett,02.08.1995,2
438,Gearard Caghy,26.06.1986,0
439,Rebekah Wigley,13.10.1990,1
440,Garvey Ladyman,14.10.1998,0
441,Abagail Chawkley,10.12.1991,2
442,Aloise Mongan,15.07.2005,2
443,Jemie Ricciardello,25.08.1998,0
444,Fidela Peerman,28.07.1982,1
445,Weidar Gwinn,07.05.1984,0
446,Gardener Monnoyer,15.09.1997,1
447,Blake Collidge,14.09.1989,2
448,Andriana Laban,30.11.2005,0
449,Kenyon Spadari,22.11.1989,0
450,Chantal Babber,26.06.1983,0
451,Therine Tidbury,25.04.1982,2
452,Cristie Hewson,02.09.2001,2
453,Eilis Andreucci,06.01.2003,0
454,Zachery Pellitt,23.02.2005,1
455,Bil Raulstone,17.06.1999,1
456,Maxwell Shovlar,13.07.1997,2
457,Blanca Drury,01.09.1993,1
458,Justino Lightwing,28.08.1992,1
459,Eulalie Cathersides,10.12.1985,2
460,Barton Stampfer,11.05.1983,2
461,Tabbie Baise,22.12.2001,2
462,Evelyn Goward,11.04.2001,0
463,Elna Jennery,19.01.1992,1
464,Lanni Ledamun,10.02.1989,0
465,Hermon Hinners,22.09.2002,2
466,Colene Dowman,06.06.1982,0
467,Nanine Tippett,18.01.2004,1
468,Bradly Doxey,24.10.1984,2
469,Clair Wakely,05.04.2001,1
470,Lydie Slisby,25.10.1991,2
471,Janella Duignan,09.05.2005,2
472,Loutitia Clyde,09.04.1990,0
473,Pryce Zorzi,25.11.1995,1
474,Berte Babb,18.05.2004,0
475,Elvera McRoberts,08.09.2004,1
476,Lowell Rosebotham,07.12.2003,1
477,Ody Askey,02.07.1991,0
478,Angelika Matthewes,02.05.2003,0
479,Dell McElhargy,03.08.1994,0
480,Lenora Fairlaw,15.06.2002,2
481,Gus Leadbeatter,17.12.1988,1
482,Ewen Ricker,21.04.1992,0
483,Ode Wermerling,28.02.1995,2
484,Lyda Coulbeck,20.11.1987,0
485,Kleon Gow,12.08.1988,0
486,Chevy Davenell,19.11.2002,0
487,Madalyn Reynold,20.02.2002,2
488,Morgana Mulchrone,13.10.1984,1
489,Harv Jukubczak,22.02.1995,0
490,Wren Lasslett,19.04.1986,0
491,Dierdre Drezzer,19.03.1981,0
492,Britney Tripcony,14.06.1981,2
493,Farra Zavattari,14.12.2004,1
494,Parsifal Carslake,10.11.1998,2
495,Maire Houlaghan,12.09.2000,2
496,Elvyn Dorrity,13.04.1996,0
497,Dorey Readman,18.02.1993,2
498,Wynn Marmon,15.04.1996,2
499,Henderson Vickors,30.05.2003,2
500,Rebecka Kamenar,06.08.1991,0
501,Zia Gunthorpe,20.06.1981,0
502,Gawain Nalder,26.06.1999,1
503,Gwenore Perfili,25.06.1985,1
504,Jacob Ricardon,12.10.2002,2
505,Katharyn Wilton,19.08.2002,2
506,Rutter Bysh,15.10.2004,1
507,Chevy Simoens,30.05.1982,1
508,Hildy Attaway,09.06.1991,0
509,Sabina Wolffers,24.02.2004,1
510,Corie Kennett,11.04.1997,0
511,Hali Griffey,03.02.1991,2
512,Rayner Schindler,03.10.2004,2
513,Corliss Warmisham,15.12.1993,2
514,Muffin Sloley,30.09.1989,0
515,Giustino Arkley,30.11.1995,2
516,Matthaeus Chretien,04.05.2005,1
517,Malinde Cominetti,30.08.1999,1
518,Alastair Sellman,28.01.2004,2
519,Annabela Taphouse,04.06.1996,1
520,Chrissy Emmens,13.08.2005,0
521,Manfred Emblin,13.09.1993,2
522,Trixy Dunseath,19.01.2003,2
523,Merrick Winpenny,25.01.2005,2
524,Jasen Cuphus,11.02.1991,1
525,Kelby McHarry,25.01.1988,2
526,Prescott Clemmens,15.03.2000,2
527,Willy MacElane,24.11.1983,2
528,Egan Springall,15.10.1999,0
529,Dennet Godsil,13.07.1995,0
530,Tam Harnetty,09.11.1984,1
531,Fons Tavinor,18.11.1986,2
532,Harwilll Burdas,10.08.1999,2
533,Stephi Arnaud,12.12.1983,1
534,Gerhardine Barradell,21.03.1996,1
535,Esta Askell,20.10.1991,2
536,Halley Armiger,12.11.1994,2
537,Gleda Duiguid,20.03.1984,0
538,Gerda Colbert,22.10.2005,2
539,Valentina Habbin,28.02.1992,1
540,Eachelle MacCaghan,23.09.1981,0
541,Bing Itzchaky,16.07.1999,0
542,Noby Seeney,31.03.1984,2
543,Hy Cowper,01.06.2004,2
544,Rod Alloisi,25.03.2001,2
545,Kylynn Pass,15.01.2002,0
546,Scotti Pettwood,27.02.1991,0
547,Kale Nossent,09.06.1983,1
548,Adlai Mitchely,31.08.1992,1
549,Murielle Bodicum,10.04.2003,2
550,Isak Teal,01.07.2000,0
551,Denni Godfree,08.06.2003,2
552,Inglis Prandoni,10.03.1981,0
553,Jorie Longden,25.09.1988,0
554,Pepi Tetla,26.05.1983,1
555,Rossy Schumacher,06.12.1989,1
556,Dari Ert,07.04.1992,1
557,Kelila Paike,05.02.2001,0
558,Savina Bortolazzi,27.04.1991,1
559,Barnaby Currao,28.12.1995,0
560,Brantley Tesimon,12.03.1984,1
561,Clio Ingolotti,28.02.2005,2
562,Dominique Caltera,03.02.1985,0
563,Stace Readshall,15.09.2004,2
564,Celene Tague,06.07.1981,2
565,Maddie Cockson,15.06.1985,2
566,Dehlia Brighty,25.01.1987,1
567,Lesley Shakelady,15.05.2002,0
568,Liza Ecclesall,21.06.1994,2
569,Obediah Seebright,24.11.2003,1
570,Lexi Briance,11.09.1990,2
571,Roze Waddicor,10.09.1996,1
572,Ealasaid O'Kennavain,08.02.2005,1
573,Madge Covotto,16.10.2005,0
574,Gillian Mation,20.01.1983,1
575,Sigismund Wogan,16.09.1988,2
576,Florrie Lethem,19.04.1987,1
577,Hyatt Vanyukov,14.02.1984,2
578,Derron McAteer,11.09.1981,2
579,Carmencita Tunbridge,29.01.1995,0
580,Leonhard Daviot,27.06.1996,2
581,Murvyn Emeline,15.10.1995,1
582,Timmy Cuffe,01.11.1998,0
583,Shell Lugg,19.02.2005,0
584,Issi Ciccotto,06.11.1997,0
585,Linette Kingscote,13.06.2005,0
586,Norene Piser,08.05.2000,2
587,Clarie Witsey,12.07.1998,1
588,Rodi Girardot,29.09.1981,2
589,Ludovico Clawsley,07.09.1993,0
590,Anthe Yarranton,23.05.2003,0
591,Raeann Yakubovics,17.03.1985,1
592,Sherlocke Rilston,01.02.2005,2
593,Aveline Spivie,28.01.1982,2
594,Pepi Vinck,19.12.1989,2
595,Zak Strafford,04.09.1982,0
596,Lynnette Dewhirst,29.06.1993,2
597,Lazar Ply,18.02.1990,2
598,Georges Sondon,14.04.1993,2
599,Miguela Ebbetts,20.07.1998,0
600,Gerrard O'Heaney,11.04.1996,0
601,Brantley Heighway,06.05.1986,2
602,Ailbert Tooker,13.04.2004,0
603,Josee Antcliffe,31.10.1998,0
604,Dougie Fagan,23.05.1996,1
605,Prinz Millmoe,19.02.2000,0
606,Cornie Watson,10.12.1984,2
607,Liam Bunney,25.09.2004,1
608,Marlena Grabbam,01.10.2005,1
609,Rochella Broadfield,17.02.1987,2
610,Marlyn Goldstein,10.02.2004,2
611,Sayre Powderham,13.02.2005,0
612,Kendrick Greswell,21.03.1996,1
613,Budd Abbyss,31.08.2000,1
614,Elisa Haldon,07.12.1993,0
615,Cecilio Swyn,13.04.1988,0
616,Marven Cracknell,26.12.1990,0
617,Davy Shovlin,01.02.1990,2
618,De witt Northage,31.03.2004,1
619,Laurella McAnellye,15.08.1993,2
620,Sidonia Bellamy,21.07.1993,0
621,Alejandrina Harte,31.05.2005,0
622,Vicki Heffron,09.07.1991,1
623,Misha Andres,19.09.1986,1
624,Oriana Hyder,18.02.2003,2
625,Maxy Hylton,25.07.2000,0
626,Suzi McKeown,30.10.1999,2
627,Freeland Moriarty,09.11.2001,2
628,Kipper Brando,07.07.1991,0
629,Evangeline Rame,28.11.1985,2
630,Donelle Moncey,24.09.2002,1
631,Markos Hayhow,06.06.1991,2
632,Langsdon Strathearn,07.03.2004,1
633,Ingram Floodgate,12.12.1992,2
634,Consalve Bofield,12.04.1986,1
635,Winonah Brealey,17.12.2003,0
636,Monica Dudney,10.10.1991,2
637,Amelie Rogerot,12.12.1988,1
638,Goldy Tissington,30.06.1991,0
639,Kaine Macias,17.03.1996,1
640,Orella Charlin,10.06.1997,2
641,Karyl Baake,12.09.1985,1
642,Antonino Tomaskunas,10.02.1981,0
643,Bail Message,18.03.1983,1
644,Walliw Mitroshinov,31.07.2003,2
645,Kristo Lacer,22.06.1983,1
646,Lemmy Pollins,10.02.1999,1
647,Margit Racher,17.12.1993,0
648,Delinda Roalfe,02.10.1992,1
649,Leyla Loynes,19.08.2005,1
650,Simone Chorlton,12.08.1998,2
651,Dyana Magner,05.11.1981,0
652,Lela Furmagier,30.10.1985,2
653,Aldus Dewbury,03.04.1986,0
654,Dominique Iskowitz,08.03.1990,0
655,Homer Goodreid,18.10.1989,2
656,Nataniel Isaq,26.07.1982,1
657,Ailsun Dudbridge,19.01.2005,0
658,Kerri Carl,01.04.2001,1
659,Tobey McCoveney,07.08.1988,0
660,Georgianna Posselow,27.12.1998,2
661,Avram Samwayes,16.04.1989,2
662,Lockwood Glasebrook,10.10.1996,1
663,Francisco Brimblecombe,22.10.2002,2
664,Vern Bryers,27.03.1998,2
665,Doyle De Paepe,22.04.1983,2
666,Florella McAllaster,21.06.1982,2
667,Pollyanna Fidelli,25.01.2003,2
668,Krissy Normaville,21.10.1995,2
669,Kelcey Vlasyev,03.09.1997,1
670,Harmon Croke,15.02.1995,1
671,Arielle Vido,28.10.1996,2
672,Camille Verralls,10.02.1981,2
673,Alyse Bow,14.08.1997,0
674,Osmund Andrassy,17.10.2005,0
675,Marys Novik,29.03.1990,0
676,Cathleen Keegan,27.02.1982,2
677,Claudetta Duhig,29.04.1981,0
678,Anna-diana Buscombe,10.12.1998,2
679,Gerry Haliburton,29.08.2002,0
680,Drake Castagnone,23.03.1999,2
681,Lindy Machen,07.01.1989,1
682,Felice Wardlow,11.01.2002,0
683,Benedicto Shankland,14.09.2004,1
684,Bartolemo Fentem,01.03.1986,2
685,Benedicto Lemoir,19.03.1984,0
686,Mara Brimicombe,04.10.2004,0
687,Beltran Ibanez,02.04.1989,1
688,Marshall Chritchley,21.06.2004,0
689,Ham Palke,20.05.1981,0
690,Tiffie Mion,01.09.1998,0
691,Sylvia Fried,12.02.2002,2
692,Stephani Browell,17.10.1986,2
693,Brodie Dwine,24.12.1987,2
694,Babette Waddell,12.02.1985,0
695,Nell Paynter,07.02.1996,2
696,Tiffie Sarath,22.06.1997,1
697,Krysta Wisam,26.06.1995,1
698,Claudian Fagg,01.10.1997,1
699,Winny Canny,03.07.2001,0
700,Estele McGow,09.07.2001,2
701,Jan Winspar,25.01.1992,0
702,Tessi Dinkin,11.07.1997,1
703,Hillel Hanway,01.02.2005,1
704,Pryce Greschke,29.06.1984,1
705,Rhys Franzettoini,10.02.1987,1
706,Eda Edgeley,12.12.1990,2
707,Bettina Ince,06.07.1998,2
708,Jaimie Kleinlerer,02.06.2002,1
709,Wolfie Varley,07.07.2003,1
710,Jeane Ragless,23.11.1991,1
711,Roseann Libri,05.11.2000,2
712,Agnes Janman,25.08.1990,2
713,Danyette Rossoni,22.08.1995,0
714,Leupold Turfin,28.01.1995,1
715,Dante O'Devey,26.08.2003,1
716,Milka Burrass,10.05.1994,1
717,Marilee Hinchon,29.11.1983,1
718,Jordanna Gittings,10.10.2003,1
719,Tommi Loding,28.05.1983,1
720,Jeannette Jennrich,23.04.1994,2
721,Anselma Covert,18.05.1998,1
722,Chelsea Skidmore,02.08.1996,0
723,Shelagh Hymor,16.04.1998,2
724,Wini Nend,10.12.1982,2
725,Rozalin Tune,08.03.1996,2
726,Sigvard Beiderbeck,16.06.2004,2
727,Chaddie Maiden,19.05.2000,2
728,Hyacinthia Naden,19.07.1994,0
729,Berti Jolliffe,19.01.1985,0
730,Helsa Voelker,22.04.2001,0
731,Alexandrina Relfe,17.12.1982,0
732,Vi Decreuze,16.11.1999,0
733,Vonny Rowling,24.02.1984,1
734,Gertie Capeling,16.03.1994,1
735,Michale Divver,07.08.2005,2
736,Gusty Baynes,16.11.2000,0
737,Richy Flude,20.09.2003,2
738,Estella Mahaddie,23.05.2002,1
739,Brandie Sterley,19.07.2002,0
740,Byrann Juszkiewicz,06.07.1996,1
741,Robinetta De la Barre,21.09.1981,0
742,Peggi Hunday,27.04.1994,1
743,Vivienne Cartmale,07.08.1996,0
744,Philis Huitson,14.06.1983,2
745,Ianthe Ricoald,19.10.2001,2
746,Padriac Elliman,26.02.1985,1
747,Kippar Hansard,17.11.1996,0
748,Wylie Scattergood,11.05.1990,2
749,Cece Pratten,28.05.1994,0
750,Ansley Gilham,17.08.1999,0
751,Jareb Newens,01.10.2002,2
752,Susy Lebond,08.11.2000,0
753,Lyda Parnall,20.03.1998,0
754,Konstantin Goldsberry,16.11.2003,1
755,Gretal Rodwell,14.05.1993,1
756,Griffith Thody,10.10.1999,1
757,Jolene Carder,23.09.2004,1
758,Cal Alvey,25.04.2003,0
759,Cheryl O'Corrane,25.07.1985,0
760,Ward Apthorpe,24.04.1990,2
761,Blinnie Houston,18.07.1995,1
762,Babita Iddins,19.11.1997,1
763,Elissa Tabbernor,15.10.1990,2
764,Gavrielle Charlewood,27.10.1982,2
765,Lin Sketh,28.01.1999,2
766,Kathye Staresmeare,12.04.2004,2
767,Myrta Clohessy,01.03.1992,0
768,Katherina Kinzel,10.01.2005,2
769,Carey Traynor,22.12.1989,2
770,Susan De Meis,17.12.2002,2
771,Gates Simla,10.01.2000,1
772,Lida Bisgrove,31.05.1988,2
773,Elvis Blackaller,02.01.1994,1
774,Fernandina MacAree,12.02.1984,2
775,Winne Ragat,25.11.1992,1
776,Dania Geeraert,16.05.1983,1
777,Torrance Hiseman,13.10.1990,0
778,Damian Garrod,14.02.1992,1
779,Odey Schimank,13.11.1999,2
780,Evan Dabnor,16.10.2002,2
781,Kahlil Corringham,26.07.2004,0
782,Patsy Parratt,16.07.1994,0
783,Corinna Suter,04.01.2004,0
784,Chickie Setterthwait,25.01.1990,2
785,Mayne Murfin,25.04.2004,2
786,Harrie Pedler,30.03.1990,1
787,Currey Wallwork,28.11.1996,1
788,Matthieu Claxson,26.02.2001,0
789,Caprice Konke,04.03.2000,0
790,Eloisa De Avenell,05.05.1988,0
791,Stevy Sybbe,29.07.2005,1
792,Lanita Kiddle,17.08.2005,1
793,Corina Palffy,20.04.1989,2
794,Odille Dallinder,26.10.1991,0
795,Romonda Jackalin,06.09.2000,2
796,Kamilah Burcombe,27.05.1996,0
797,Jared Bunford,21.12.2003,0
798,Patrica Imlach,02.12.2002,0
799,Saunders Procter,05.06.2004,1
800,Olivie Giacubbo,17.06.2001,0
801,Mychal Denman,24.07.1983,0
802,Eleanora Elphee,08.05.2000,0
803,Halie Parffrey,10.05.2002,2
804,Deeann Haggerstone,10.11.1989,1
805,Vilma Turmall,10.02.2002,2
806,Lorenzo Downie,02.06.1999,1
807,Warren Chatwood,14.04.1984,1
808,Ollie Betts,26.09.2001,0
809,Phylis Beckworth,04.09.1996,1
810,Warren Guitte,08.02.1981,2
811,Albert Kenward,13.05.1994,2
812,Prissie Jeanes,10.11.1984,2
813,Kelly Pawelec,04.03.1995,2
814,Anne-marie Areles,10.07.1987,2
815,Maryanne Mitchiner,12.01.2003,1
816,Kylie Neumann,01.06.1995,2
817,Meredith Jamblin,23.08.1996,1
818,Chaddie Spatig,09.01.1998,0
819,Thaxter Dmtrovic,02.04.2003,2
820,Petr Abramowsky,24.03.1990,0
821,Taddeusz Harriskine,29.05.1993,0
822,Zane Schapiro,12.12.1985,0
823,Melania Ballsdon,26.11.1991,2
824,Hercule Carbry,10.01.1994,2
825,Rafferty Hedde,11.01.1985,0
826,Feodor Oldman,11.06.1996,1
827,Georas Bradnick,03.10.2003,0
828,Gertrudis Smitherman,14.11.1988,1
829,Opal De Lisle,01.02.1986,0
830,Dalt Lowey,08.03.1995,2
831,Sallee Litchfield,19.04.1986,0
832,Hunfredo Waltho,15.01.1990,2
833,Hymie Parmer,25.06.1982,0
834,Adiana Brighouse,03.03.2004,0
835,Viviana Oliveira,13.12.1983,0
836,Kylynn Bentsen,21.06.1991,0
837,Frederick Beverstock,25.02.1986,2
838,Vally De Mitris,09.12.2001,2
839,Tomlin Harradence,09.07.1988,0
840,Cheston Gouldbourn,10.09.1996,2
841,Sorcha Tulleth,27.06.1985,2
842,Leland Sager,31.05.1986,2
843,Luther Adamolli,05.08.1992,0
844,Jorgan Lukacs,23.05.1983,0
845,Kiersten Laviss,19.05.1988,0
846,Patton Learmond,10.11.1997,0
847,Dona Pummell,24.02.1989,1
848,Angelo Cobbled,24.04.1999,2
849,Cordie Billyeald,28.03.1984,1
850,Genovera Brydon,05.07.1984,2
851,Kalinda Mowday,23.08.1997,1
852,Malinde Michiel,20.09.1996,2
853,Lonny Dominguez,01.01.1987,2
854,Hope Bourgeois,17.09.2003,1
855,Sam Mottinelli,25.07.1991,0
856,Molly Gowling,08.02.1983,2
857,Averyl Saywood,30.08.1985,1
858,Saloma Maybery,25.03.2003,1
859,Solly Dillingstone,28.11.1987,1
860,Harrietta Trencher,07.07.1985,0
861,Terri Prestner,27.04.1981,0
862,Tricia Toft,23.06.2001,1
863,Dorey Jacombs,04.03.1989,0
864,Northrop Duck,29.07.2002,0
865,Bertrand Silverwood,30.08.1984,0
866,Kelly Oldcote,15.06.1987,2
867,Jillie Abraham,09.08.2004,2
868,Adlai Bellhouse,21.04.1984,1
869,Patsy de Werk,01.01.1984,0
870,Maighdiln Jurgensen,04.05.1996,0
871,Ashil Cheer,28.07.2005,2
872,Marsiella Heining,12.10.1982,0
873,Eric Hatje,13.08.2002,0
874,Tiff Arnow,31.08.1999,2
875,Karoly Anstead,23.05.2002,2
876,Loutitia Hambric,07.10.2003,1
877,Cam Wedderburn,27.09.1982,1
878,Papagena Rallin,09.11.1992,2
879,Baxter Pollard,27.06.2003,2
880,Cary Redholes,26.10.1996,0
881,Julietta Bonehill,02.11.2000,2
882,Fancie Gerlts,22.12.1986,2
883,Tyrus Iglesias,05.12.1996,2
884,Ewen Macveigh,26.11.1995,0
885,Prudence Leas,26.06.2005,1
886,Sayer Gridon,02.12.2001,1
887,Charita Helversen,09.02.1993,2
888,Anetta Lefever,11.05.1989,2
889,Lothario Grierson,09.03.1997,1
890,Eleanora Santo,13.05.1997,1
891,Melamie Peddie,23.08.1986,1
892,Nap O'Drought,30.04.1994,0
893,Vinnie Davidek,01.03.1989,0
894,Jerald Queyeiro,22.09.1986,2
895,Dorine De Malchar,16.08.1987,1
896,Raychel Andrysek,19.09.1987,0
897,Kermie MacConneely,04.04.1986,1
898,Giffard Kalisz,01.09.1992,0
899,Morgun Duxbury,15.03.1982,0
900,Paulita Eady,12.08.2004,0
901,Ruggiero Maryman,05.11.1998,0
902,Adella Archbould,24.04.1995,2
903,Ibrahim Goodrick,23.08.2005,2
904,Konstantin MacKain,10.11.2002,0
905,Margie Eltune,11.03.1989,0
906,Muffin Hinken,24.11.1986,1
907,Linnell Bouldstridge,28.05.1996,2
908,Amara Lexa,03.09.1993,0
909,Hulda Melross,31.07.1996,2
910,Karrie Shilliday,14.07.2000,0
911,Ivonne Mardle,12.06.1982,0
912,Alexandro Chalfant,11.09.2002,0
913,Priscella Rickarsey,06.09.1996,0
914,Thomas Nowick,07.12.1996,2
915,Lemmie Handrik,26.11.2003,0
916,Erroll Wych,28.08.1991,0
917,Cyb Thebeau,05.06.1995,1
918,Albert Paolotto,13.06.1990,2
919,Nicko Rotchell,31.07.1993,1
920,Karrie Shorto,25.03.2005,0
921,Kittie MacTague,09.11.1989,1
922,Melamie Somerset,10.07.1995,0
923,Kahaleel Sugar,26.01.1999,0
924,Ervin Sorrill,19.04.1985,0
925,Latashia Hanbury,17.01.1985,2
926,Jamey Writer,03.11.1998,0
927,Kassie Hembrow,25.11.1998,2
928,Gelya Bulteel,03.07.1995,1
929,Siegfried Rosenhaus,17.06.1985,2
930,Dmitri Bulfoy,09.01.1992,2
931,Anthiathia Vaudrey,30.06.1981,1
932,Pooh Antonovic,27.02.1998,2
933,Teodora Matijevic,18.11.1987,0
934,Stan Wort,14.10.2003,0
935,Arie Hoyle,20.08.1993,2
936,Earl Surgison,08.11.2004,0
937,Brice McAuslan,21.10.1993,2
938,Cassie Perren,24.02.1991,1
939,Fons De Andisie,15.06.1989,1
940,Marylin Chalmers,13.03.1997,1
941,Grata Annett,24.07.2001,0
942,Xylina Melling,06.06.1996,2
943,Teodor Hattrick,27.02.1987,0
944,Genvieve Northgraves,17.12.1986,0
945,Burnard Pipet,31.10.2002,1
946,Serene MacGarvey,02.08.1986,1
947,Glenna Tyres,20.08.2000,2
948,Greer Little,29.05.2000,0
949,Alyssa Dyzart,31.08.1989,0
950,Jennee Giovanetti,11.02.1988,0
951,Jackie Anfonsi,19.04.2004,2
952,Dud Groomebridge,19.06.1999,1
953,Jasen Ruoss,09.04.1984,0
954,Shena Dickie,31.07.1985,1
955,Jarret Santon,21.10.1993,1
956,Vicki Gartery,16.08.1986,0
957,Mattias Pearn,07.07.1992,2
958,Corry Louth,12.09.1982,2
959,Paola Kendrick,08.03.2001,1
960,Calida Berntsson,30.08.1989,0
961,Prudy MacColl,12.02.1991,1
962,Amberly Strippel,17.10.1995,1
963,Ches Arntzen,08.11.1984,1
964,Brendan Ouldcott,23.06.2003,0
965,Lyda Mayston,14.08.1995,0
966,Mona Martini,17.05.2005,0
967,Lilllie Weekes,27.11.1997,2
968,Arney Hendrick,05.06.2004,2
969,Travis Berthot,14.02.1993,0
970,Loren Wigelsworth,27.07.1997,2
971,Rakel McGowan,02.12.1998,2
972,Oberon Wilcott,02.09.1986,2
973,Wit Birkwood,13.01.1995,2
974,Reed MacAskie,08.07.1984,2
975,Hermie Tincey,02.08.1981,0
976,Panchito Bugby,18.01.1996,1
977,Wang Stoeck,04.01.2001,0
978,Levy Vandenhoff,29.07.2001,1
979,Christos Northin,02.06.1986,2
980,Neddie Klagge,09.12.2001,2
981,Edgard Aberkirder,04.06.1984,0
982,Charis Edgehill,27.09.1998,1
983,Rickie Rainy,24.04.1999,2
984,Amelina Pettko,01.03.1984,1
985,Grantley Eberst,07.08.1994,2
986,Katrina Ballendine,16.10.1996,0
987,Burt Iczokvitz,21.10.1986,1
988,Abdul Matlock,02.08.1984,1
989,Arluene Shreeves,04.09.1984,1
990,Francyne Stoller,25.02.1988,2
991,Rozalie Gilleon,21.07.1996,0
992,Cathleen Hew,02.02.1999,0
993,Adela Stenners,07.03.2004,1
994,Mikey Fernely,04.07.1992,2
995,Jerome Darington,28.08.1984,2
996,Joey Semerad,15.04.2001,2
997,Alli Edensor,10.09.1991,1
998,Selle Esson,15.02.1986,2
999,Melisenda Carine,12.09.2005,1
1000,Herby Moses,30.07.1986,1
